{
    "modes": {
        "1": {
            "octave_name": "octave1",
            "octave_channel": 1
        }
    },
    "lo_modes": {
        "1": {
            "mode_id": 1,
            "lo_freq": 2873500000.0,
            "gain": 0.0,
            "latest": 2
        },
        "2": {
            "mode_id": 1,
            "lo_freq": 2873500000.0,
            "gain": -10.0,
            "latest": 4
        }
    },
    "lo_cal": {
        "1": {
            "i0": -0.008770359879831506,
            "q0": -0.018530159407708694,
            "lo_mode_id": 1,
            "dc_gain": -0.011921701267334162,
            "dc_phase": -0.10379678737142439,
            "temperature": 57.5,
            "timestamp": 1739785997.6506152,
            "method": "auto"
        },
        "2": {
            "i0": -0.008518563197445107,
            "q0": -0.018407755918135163,
            "lo_mode_id": 1,
            "dc_gain": -0.011303955832781987,
            "dc_phase": -0.1025954721996957,
            "temperature": 58.625,
            "timestamp": 1739786057.2438767,
            "method": "auto"
        },
        "3": {
            "i0": -0.008700815643181675,
            "q0": -0.01853018822653351,
            "lo_mode_id": 2,
            "dc_gain": -0.012615860061336526,
            "dc_phase": -0.10086747552780492,
            "temperature": 59.1875,
            "timestamp": 1739786191.2567732,
            "method": "auto"
        },
        "4": {
            "i0": -0.008374407025033248,
            "q0": -0.018311018043893124,
            "lo_mode_id": 2,
            "dc_gain": -0.008981176108728839,
            "dc_phase": -0.09975901080399684,
            "temperature": 55.875,
            "timestamp": 1739787117.309934,
            "method": "auto"
        }
    },
    "if_modes": {
        "1": {
            "lo_mode_id": 1,
            "if_freq": 0.0,
            "latest": 1
        },
        "2": {
            "lo_mode_id": 1,
            "if_freq": 1000000.0,
            "latest": 2
        },
        "3": {
            "lo_mode_id": 2,
            "if_freq": 50000000.0,
            "latest": 4
        }
    },
    "if_cal": {
        "1": {
            "if_mode_id": 1,
            "gain": -0.26851513195807564,
            "phase": -0.12068854125777387,
            "temperature": 57.5,
            "timestamp": 1739785997.6645794,
            "method": "auto"
        },
        "2": {
            "if_mode_id": 2,
            "gain": -0.012189711557800277,
            "phase": -0.11039615097201995,
            "temperature": 58.625,
            "timestamp": 1739786057.2638214,
            "method": "auto"
        },
        "3": {
            "if_mode_id": 3,
            "gain": -0.01841388684610762,
            "phase": -0.11651089067452677,
            "temperature": 59.1875,
            "timestamp": 1739786191.2687411,
            "method": "auto"
        },
        "4": {
            "if_mode_id": 3,
            "gain": -0.015290373731169715,
            "phase": -0.11936959134077714,
            "temperature": 55.875,
            "timestamp": 1739787117.3219023,
            "method": "auto"
        }
    }
}