{
    "modes": {
        "1": {
            "octave_name": "octave1",
            "octave_channel": 1
        }
    },
    "lo_modes": {
        "1": {
            "mode_id": 1,
            "lo_freq": 2873500000.0,
            "gain": 0.0,
            "latest": 12
        },
        "2": {
            "mode_id": 1,
            "lo_freq": 2873500000.0,
            "gain": -10.0,
            "latest": 18
        },
        "3": {
            "mode_id": 1,
            "lo_freq": 5000000000.0,
            "gain": 0.0,
            "latest": 9
        },
        "4": {
            "mode_id": 1,
            "lo_freq": 4000000000.0,
            "gain": 0.0,
            "latest": 10
        },
        "5": {
            "mode_id": 1,
            "lo_freq": 2870000000.0,
            "gain": -10.0,
            "latest": 20
        },
        "6": {
            "mode_id": 1,
            "lo_freq": 2800000000.0,
            "gain": -10,
            "latest": 23
        },
        "7": {
            "mode_id": 1,
            "lo_freq": 2800000000.0,
            "gain": 0.0,
            "latest": 22
        },
        "8": {
            "mode_id": 1,
            "lo_freq": 2800000000.0,
            "gain": -5.0,
            "latest": 24
        }
    },
    "lo_cal": {
        "1": {
            "i0": -0.008463355291051845,
            "q0": -0.01835188286506829,
            "lo_mode_id": 1,
            "dc_gain": -0.009701469064632096,
            "dc_phase": -0.10188046769156006,
            "temperature": 53.25,
            "timestamp": 1738157775.8608153,
            "method": "auto"
        },
        "2": {
            "i0": -0.00848008147369564,
            "q0": -0.018449184295991083,
            "lo_mode_id": 1,
            "dc_gain": -0.009403235880463434,
            "dc_phase": -0.10200770862157514,
            "temperature": 48.8125,
            "timestamp": 1738158385.164597,
            "method": "auto"
        },
        "3": {
            "i0": -0.008478075915066764,
            "q0": -0.01843372673998837,
            "lo_mode_id": 1,
            "dc_gain": -0.009545031009553506,
            "dc_phase": -0.1020982921945541,
            "temperature": 50.3125,
            "timestamp": 1738158645.349543,
            "method": "auto"
        },
        "4": {
            "i0": -0.008502780747499293,
            "q0": -0.018413562452334116,
            "lo_mode_id": 1,
            "dc_gain": -0.009070269796850883,
            "dc_phase": -0.10180615523137415,
            "temperature": 52.625,
            "timestamp": 1738158776.1743178,
            "method": "auto"
        },
        "5": {
            "i0": -0.008603266515833097,
            "q0": -0.01837672389204989,
            "lo_mode_id": 2,
            "dc_gain": -0.010370889879326106,
            "dc_phase": -0.10027264732295006,
            "temperature": 47.8125,
            "timestamp": 1738159527.7845674,
            "method": "auto"
        },
        "6": {
            "i0": -0.009081932894356402,
            "q0": -0.016644105926375802,
            "lo_mode_id": 1,
            "dc_gain": -0.00908530121075768,
            "dc_phase": -0.10463664051554247,
            "temperature": 58.3125,
            "timestamp": 1738168004.163731,
            "method": "auto"
        },
        "7": {
            "i0": -0.008226158924745083,
            "q0": -0.0169167817577551,
            "lo_mode_id": 1,
            "dc_gain": -0.00762547861317886,
            "dc_phase": -0.10359181800410741,
            "temperature": 56.3125,
            "timestamp": 1738242944.6733272,
            "method": "auto"
        },
        "8": {
            "i0": -0.007878952687693102,
            "q0": -0.018674765878012846,
            "lo_mode_id": 1,
            "dc_gain": -0.005934558866339423,
            "dc_phase": -0.09875362269055613,
            "temperature": 55.625,
            "timestamp": 1738246540.8947008,
            "method": "auto"
        },
        "9": {
            "i0": -0.007115292975582561,
            "q0": 0.025599996746979495,
            "lo_mode_id": 3,
            "dc_gain": 0.0031320664414173915,
            "dc_phase": 0.17806823183825787,
            "temperature": 52.625,
            "timestamp": 1738246893.9601965,
            "method": "auto"
        },
        "10": {
            "i0": 0.00027531194153256923,
            "q0": 0.0126899773383659,
            "lo_mode_id": 4,
            "dc_gain": -0.0057212517529553475,
            "dc_phase": 0.0484182875030822,
            "temperature": 50.8125,
            "timestamp": 1738247233.5708377,
            "method": "auto"
        },
        "11": {
            "i0": -0.007932931499980209,
            "q0": -0.019065112498521344,
            "lo_mode_id": 1,
            "dc_gain": -0.011224332282150473,
            "dc_phase": -0.09684583293605124,
            "temperature": 54.9375,
            "timestamp": 1738247524.6097686,
            "method": "auto"
        },
        "12": {
            "i0": -0.008512450440564708,
            "q0": -0.018868651332898403,
            "lo_mode_id": 1,
            "dc_gain": -0.007450243099792253,
            "dc_phase": -0.10226064409502712,
            "temperature": 53.5,
            "timestamp": 1739788084.1320872,
            "method": "auto"
        },
        "13": {
            "i0": -0.008666999808012575,
            "q0": -0.018540118014029133,
            "lo_mode_id": 2,
            "dc_gain": -0.01101976943871441,
            "dc_phase": -0.10123153324203678,
            "temperature": 56.0,
            "timestamp": 1739808816.7464502,
            "method": "auto"
        },
        "14": {
            "i0": -0.008347570793581463,
            "q0": -0.01833219694456725,
            "lo_mode_id": 2,
            "dc_gain": -0.011414846158794067,
            "dc_phase": -0.10049214184529931,
            "temperature": 56.75,
            "timestamp": 1739808873.63739,
            "method": "auto"
        },
        "15": {
            "i0": -0.008504571793927817,
            "q0": -0.01862172635860426,
            "lo_mode_id": 2,
            "dc_gain": -0.010083367360489981,
            "dc_phase": -0.10045685230928067,
            "temperature": 46.0,
            "timestamp": 1741166168.1673446,
            "method": "auto"
        },
        "16": {
            "i0": -0.008522526611536914,
            "q0": -0.018628286670004518,
            "lo_mode_id": 2,
            "dc_gain": -0.009738429830115636,
            "dc_phase": -0.100433579447757,
            "temperature": 45.9375,
            "timestamp": 1741170994.3598175,
            "method": "auto"
        },
        "17": {
            "i0": -0.008565329165819714,
            "q0": -0.018519306225964902,
            "lo_mode_id": 2,
            "dc_gain": -0.011226083786006646,
            "dc_phase": -0.10027843059997886,
            "temperature": 54.5625,
            "timestamp": 1741171194.1762147,
            "method": "auto"
        },
        "18": {
            "i0": -0.008583756536136838,
            "q0": -0.01855755322378601,
            "lo_mode_id": 2,
            "dc_gain": -0.01015173858678231,
            "dc_phase": -0.09951109885040527,
            "temperature": 49.25,
            "timestamp": 1741965121.0476673,
            "method": "auto"
        },
        "19": {
            "i0": -0.009179681690259407,
            "q0": -0.018445208034535678,
            "lo_mode_id": 5,
            "dc_gain": -0.011300566786036192,
            "dc_phase": -0.09950284047044487,
            "temperature": 57.6875,
            "timestamp": 1741968307.9787283,
            "method": "auto"
        },
        "20": {
            "i0": -0.00891135491968104,
            "q0": -0.018661777170628994,
            "lo_mode_id": 5,
            "dc_gain": -0.011149080143869061,
            "dc_phase": -0.09970988046045443,
            "temperature": 58.125,
            "timestamp": 1741968502.84781,