{
    "modes": {
        "1": {
            "octave_name": "octave1",
            "octave_channel": 1
        },
        "2": {
            "octave_name": "octave1",
            "octave_channel": 2
        },
        "3": {
            "octave_name": "octave1",
            "octave_channel": 3
        },
        "4": {
            "octave_name": "octave1",
            "octave_channel": 4
        },
        "5": {
            "octave_name": "octave1",
            "octave_channel": 5
        }
    },
    "lo_modes": {
        "1": {
            "mode_id": 1,
            "lo_freq": 6000000000.0,
            "gain": 0.0,
            "latest": 11
        },
        "2": {
            "mode_id": 2,
            "lo_freq": 6000000000.0,
            "gain": 0.0,
            "latest": 12
        },
        "3": {
            "mode_id": 3,
            "lo_freq": 6000000000.0,
            "gain": 0.0,
            "latest": 13
        },
        "4": {
            "mode_id": 4,
            "lo_freq": 6000000000.0,
            "gain": 0.0,
            "latest": 14
        },
        "5": {
            "mode_id": 5,
            "lo_freq": 6000000000.0,
            "gain": 0.0,
            "latest": 15
        }
    },
    "lo_cal": {
        "1": {
            "i0": 0.03812229558947493,
            "q0": -0.008726130948282076,
            "lo_mode_id": 1,
            "dc_gain": -0.008630416434342925,
            "dc_phase": -0.009518388562978928,
            "temperature": 53.3125,
            "timestamp": 1737637508.8598702,
            "method": "auto"
        },
        "2": {
            "i0": 0.020834633595334287,
            "q0": 0.0026990117100625806,
            "lo_mode_id": 2,
            "dc_gain": 0.0052054573896480605,
            "dc_phase": -0.01028948365478967,
            "temperature": 42.8125,
            "timestamp": 1737637517.614439,
            "method": "auto"
        },
        "3": {
            "i0": 0.0020415719089670065,
            "q0": -4.8895312138334465e-09,
            "lo_mode_id": 3,
            "dc_gain": 0.0023958167216202586,
            "dc_phase": 0.004831689775693981,
            "temperature": 41.625,
            "timestamp": 1737637525.488394,
            "method": "auto"
        },
        "4": {
            "i0": -0.006638284936149572,
            "q0": 0.01269602860804661,
            "lo_mode_id": 4,
            "dc_gain": -0.011309735950032263,
            "dc_phase": -0.013347293834093773,
            "temperature": 40.6875,
            "timestamp": 1737637532.8322387,
            "method": "auto"
        },
        "5": {
            "i0": 0.015285683531758293,
            "q0": 0.015464640168721717,
            "lo_mode_id": 5,
            "dc_gain": -0.005949993410299004,
            "dc_phase": 0.004200194212818642,
            "temperature": 41.3125,
            "timestamp": 1737637540.5944638,
            "method": "auto"
        },
        "6": {
            "i0": 0.01040048782166908,
            "q0": -0.012820291152842332,
            "lo_mode_id": 1,
            "dc_gain": -0.001945282274550597,
            "dc_phase": 0.01896027339334246,
            "temperature": 49.375,
            "timestamp": 1737638377.2488527,
            "method": "auto"
        },
        "7": {
            "i0": 0.021380399433373578,
            "q0": 0.0031669786647627006,
            "lo_mode_id": 2,
            "dc_gain": 0.005086191285539776,
            "dc_phase": -0.004437050017958932,
            "temperature": 60.0625,
            "timestamp": 1737638384.5173948,
            "method": "auto"
        },
        "8": {
            "i0": 0.002306055768503539,
            "q0": 0.0004408161994217771,
            "lo_mode_id": 3,
            "dc_gain": 0.0013023645758429847,
            "dc_phase": 0.010215004205498009,
            "temperature": 58.375,
            "timestamp": 1737638391.8119128,
            "method": "auto"
        },
        "9": {
            "i0": -0.006555793451648302,
            "q0": 0.013687556857783676,
            "lo_mode_id": 4,
            "dc_gain": -0.01242932601143576,
            "dc_phase": -0.0051614149127881224,
            "temperature": 54.625,
            "timestamp": 1737638399.0595417,
            "method": "auto"
        },
        "10": {
            "i0": 0.015534140155798029,
            "q0": 0.016087765190376406,
            "lo_mode_id": 5,
            "dc_gain": -0.0021675410513232185,
            "dc_phase": 0.007874534714611687,
            "temperature": 56.375,
            "timestamp": 1737638405.861599,
            "method": "auto"
        },
        "11": {
            "i0": -0.018351026273564292,
            "q0": 0.018649848186896207,
            "lo_mode_id": 1,
            "dc_gain": -0.0070248426999304225,
            "dc_phase": 0.01792799245002716,
            "temperature": 57.75,
            "timestamp": 1737638792.9463656,
            "method": "auto"
        },
        "12": {
            "i0": 0.02135819994075544,
            "q0": 0.003179962368342404,
            "lo_mode_id": 2,
            "dc_gain": 0.0054903719830166064,
            "dc_phase": -0.004022420290852625,
            "temperature": 60.125,
            "timestamp": 1737638800.2108035,
            "method": "auto"
        },
        "13": {
            "i0": 0.002286339794836202,
            "q0": 0.0004280225736610808,
            "lo_mode_id": 3,
            "dc_gain": 0.0010146102278638658,
            "dc_phase": 0.010691539373833664,
            "temperature": 58.3125,
            "timestamp": 1737638807.4415014,
            "method": "auto"
        },
        "14": {
            "i0": -0.006561079630571454,
            "q0": 0.013680798117834512,
            "lo_mode_id": 4,
            "dc_gain": -0.012565194458084794,
            "dc_phase": -0.004780472160299736,
            "temperature": 54.625,
            "timestamp": 1737638814.656317,
            "method": "auto"
        },
        "15": {
            "i0": 0.01549084942047936,
            "q0": 0.01609610299520994,
            "lo_mode_id": 5,
            "dc_gain": -0.0020456254188787604,
            "dc_phase": 0.008240444472495006,
            "temperature": 56.375,
            "timestamp": 1737638821.902956,
            "method": "auto"
        }
    },
    "if_modes": {
        "1": {
            "lo_mode_id": 1,
            "if_freq": 50000000.0,
            "latest": 11
        },
        "2": {
            "lo_mode_id": 2,
            "if_freq": 50000000.0,
            "latest": 12
        },
        "3": {
            "lo_mode_id": 3,
            "if_freq": 50000000.0,
            "latest": 13
        },
        "4": {
            "lo_mode_id": 4,
            "if_freq": 50000000.0,
            "latest": 14
        },
        "5": {
            "lo_mode_id": 5,
            "if_freq": 50000000.0,
            "latest": 15
        }
    },
    "if_cal": {
        "1": {
            "if_mode_id": 1,
            "gain": 0.0,
            "phase": 0.0,
            "temperature": 53.3125,
            "timestamp": 1737637508.9166949,
            "method": "auto"
        },
        "2": {
            "if_mode_id": 2,
            "gain": 0.0045698444047929,
            "phase": -0.014372625363277441,
            "temperature": 42.8125,
            "timestamp": 1737637517.67029,
            "method": "auto"
        },
        "3": {
            "if_mode_id": 3,
            "gain": 0.002607397361601989,
            "phase": 0.007543881248560669,
            "temperature": 41.625,
            "timestamp": 1737637525.5442464,
            "method": "auto"
        },
        "4": {
            "if_mode_id": 4,
            "gain": -0.01029589132620613,
            "phase": -0.017579922786262355,
            "temperature": 40.6875,
            "timestamp": 1737637532.8880897,
            "method": "auto"
        },
        "5": {
            "if_mode_id": 5,
            "gain": -0.004829751264499097,